param->optimization_type, NL_LTP_Gp, NL_LTD_Gp, NL_LTP_Gn, NL_LTD_Gn, kp, kd, knp, knd, pLA, nLA, pLAd,nLAd, pof, nof, newUpdateRate, nnewUpdateRate, ReverseUpdate, RefreshRate, FullRefresh, dominance, epoch, accuracy, average accuracy, standard deviation, adaptive ratio, area sizeIH, area sizeHO, learningratesplit, Gth1, Gth2, usesplitadapt, unitcellsplit, saturationprotector, destructionprotector, deltaweightratio, usesplit, adaptivesplit Gth1, adaptivesplit Gth2
param->optimization_type, NL_LTP_Gp, NL_LTD_Gp, NL_LTP_Gn, NL_LTD_Gn, kp, kd, knp, knd, pLA, nLA, pLAd,nLAd, pof, nof, newUpdateRate, nnewUpdateRate, ReverseUpdate, RefreshRate, FullRefresh, dominance, epoch, accuracy, average accuracy, standard deviation, adaptive ratio, area sizeIH, area sizeHO, learningratesplit, Gth1, Gth2, usesplitadapt, unitcellsplit, saturationprotector, destructionprotector, deltaweightratio, usesplit, adaptivesplit Gth1, adaptivesplit Gth2
SGD, 1, -1, 1, -1, 128, 128, 128, 128, 0.3, 0.3, 0.3,0.3, inf, inf, 3, 3, 1, 1000, 0, 0, 1, 10.49, 10.49, 0, 1.0012, 200, 20, 3, 1, 7, 0, 0, 3, 1, 0, 0, 1, 7
SGD, 1, -1, 1, -1, 128, 128, 128, 128, 0.3, 0.3, 0.3,0.3, inf, inf, 3, 3, 1, 1000, 0, 0, 2, 17.96, 14.225, 3.735, 1.0012, 200, 20, 3, 1, 7, 0, 0, 3, 1, 0, 0, 1, 7
SGD, 1, -1, 1, -1, 128, 128, 128, 128, 0.3, 0.3, 0.3,0.3, inf, inf, 3, 3, 1, 1000, 0, 0, 3, 18.66, 15.7033, 3.69744, 1.0012, 200, 20, 3, 1, 7, 0, 0, 3, 1, 0, 0, 1, 7
SGD, 1, -1, 1, -1, 128, 128, 128, 128, 0.3, 0.3, 0.3,0.3, inf, inf, 3, 3, 1, 1000, 0, 0, 4, 19.14, 16.5625, 3.53098, 1.0012, 200, 20, 3, 1, 7, 0, 0, 3, 1, 0, 0, 1, 7
SGD, 1, -1, 1, -1, 128, 128, 128, 128, 0.3, 0.3, 0.3,0.3, inf, inf, 3, 3, 1, 1000, 0, 0, 5, 32.88, 19.826, 7.25093, 1.0012, 200, 20, 3, 1, 7, 0, 0, 3, 1, 0, 0, 1, 7
SGD, 1, -1, 1, -1, 128, 128, 128, 128, 0.3, 0.3, 0.3,0.3, inf, inf, 3, 3, 1, 1000, 0, 0, 6, 39.29, 23.07, 9.81993, 1.0012, 200, 20, 3, 1, 7, 0, 0, 3, 1, 0, 0, 1, 7
SGD, 1, -1, 1, -1, 128, 128, 128, 128, 0.3, 0.3, 0.3,0.3, inf, inf, 3, 3, 1, 1000, 0, 0, 7, 43.11, 25.9329, 11.4818, 1.0012, 200, 20, 3, 1, 7, 0, 0, 3, 1, 0, 0, 1, 7
SGD, 1, -1, 1, -1, 128, 128, 128, 128, 0.3, 0.3, 0.3,0.3, inf, inf, 3, 3, 1, 1000, 0, 0, 8, 58.77, 30.0375, 15.2738, 1.0012, 200, 20, 3, 1, 7, 0, 0, 3, 1, 0, 0, 1, 7
SGD, 1, -1, 1, -1, 128, 128, 128, 128, 0.3, 0.3, 0.3,0.3, inf, inf, 3, 3, 1, 1000, 0, 0, 9, 78.4, 35.4111, 20.9374, 1.0012, 200, 20, 3, 1, 7, 0, 0, 3, 1, 0, 0, 1, 7
SGD, 1, -1, 1, -1, 128, 128, 128, 128, 0.3, 0.3, 0.3,0.3, inf, inf, 3, 3, 1, 1000, 0, 0, 10, 80.3, 39.9, 23.9976, 1.0012, 200, 20, 3, 1, 7, 0, 0, 3, 1, 0, 0, 1, 7
SGD, 1, -1, 1, -1, 128, 128, 128, 128, 0.3, 0.3, 0.3,0.3, inf, inf, 3, 3, 1, 1000, 0, 0, 11, 79.11, 43.4645, 25.5067, 1.0012, 200, 20, 3, 1, 7, 0, 0, 3, 1, 0, 0, 1, 7
SGD, 1, -1, 1, -1, 128, 128, 128, 128, 0.3, 0.3, 0.3,0.3, inf, inf, 3, 3, 1, 1000, 0, 0, 12, 81.35, 46.6217, 26.571, 1.0012, 200, 20, 3, 1, 7, 0, 0, 3, 1, 0, 0, 1, 7
SGD, 1, -1, 1, -1, 128, 128, 128, 128, 0.3, 0.3, 0.3,0.3, inf, inf, 3, 3, 1, 1000, 0, 0, 13, 80.54, 49.2308, 27.0813, 1.0012, 200, 20, 3, 1, 7, 0, 0, 3, 1, 0, 0, 1, 7
SGD, 1, -1, 1, -1, 128, 128, 128, 128, 0.3, 0.3, 0.3,0.3, inf, inf, 3, 3, 1, 1000, 0, 0, 14, 82.19, 51.585, 27.442, 1.0012, 200, 20, 3, 1, 7, 0, 0, 3, 1, 0, 0, 1, 7
SGD, 1, -1, 1, -1, 128, 128, 128, 128, 0.3, 0.3, 0.3,0.3, inf, inf, 3, 3, 1, 1000, 0, 0, 15, 81.91, 53.6067, 27.5695, 1.0012, 200, 20, 3, 1, 7, 0, 0, 3, 1, 0, 0, 1, 7
param->optimization_type, NL_LTP_Gp, NL_LTD_Gp, NL_LTP_Gn, NL_LTD_Gn, kp, kd, knp, knd, pLA, nLA, pLAd,nLAd, pof, nof, newUpdateRate, nnewUpdateRate, ReverseUpdate, RefreshRate, FullRefresh, dominance, epoch, accuracy, average accuracy, standard deviation, adaptive ratio, area sizeIH, area sizeHO, learningratesplit, Gth1, Gth2, usesplitadapt, unitcellsplit, saturationprotector, destructionprotector, deltaweightratio, usesplit, adaptivesplit Gth1, adaptivesplit Gth2
SGD, 1, -3, 1, -3, 128, 128, 128, 128, 0.3, 0.3, 1.3,1.3, inf, inf, 3, 3, 1, 1000, 0, 0, 1, 11.55, 11.55, 0, 1.0012, 200, 20, 3, 1, 7, 0, 0, 3, 1, 0, 0, 1, 7
SGD, 1, -3, 1, -3, 128, 128, 128, 128, 0.3, 0.3, 1.3,1.3, inf, inf, 3, 3, 1, 1000, 0, 0, 2, 13.12, 12.335, 0.785, 1.0012, 200, 20, 3, 1, 7, 0, 0, 3, 1, 0, 0, 1, 7
SGD, 1, -3, 1, -3, 128, 128, 128, 128, 0.3, 0.3, 1.3,1.3, inf, inf, 3, 3, 1, 1000, 0, 0, 3, 14.93, 13.2, 1.38104, 1.0012, 200, 20, 3, 1, 7, 0, 0, 3, 1, 0, 0, 1, 7
SGD, 1, -3, 1, -3, 128, 128, 128, 128, 0.3, 0.3, 1.3,1.3, inf, inf, 3, 3, 1, 1000, 0, 0, 4, 8.92, 12.13, 2.20571, 1.0012, 200, 20, 3, 1, 7, 0, 0, 3, 1, 0, 0, 1, 7
SGD, 1, -3, 1, -3, 128, 128, 128, 128, 0.3, 0.3, 1.3,1.3, inf, inf, 3, 3, 1, 1000, 0, 0, 5, 20.54, 13.812, 3.89982, 1.0012, 200, 20, 3, 1, 7, 0, 0, 3, 1, 0, 0, 1, 7
SGD, 1, -3, 1, -3, 128, 128, 128, 128, 0.3, 0.3, 1.3,1.3, inf, inf, 3, 3, 1, 1000, 0, 0, 6, 39.84, 18.15, 10.3327, 1.0012, 200, 20, 3, 1, 7, 0, 0, 3, 1, 0, 0, 1, 7
SGD, 1, -3, 1, -3, 128, 128, 128, 128, 0.3, 0.3, 1.3,1.3, inf, inf, 3, 3, 1, 1000, 0, 0, 7, 59.43, 24.0471, 17.3254, 1.0012, 200, 20, 3, 1, 7, 0, 0, 3, 1, 0, 0, 1, 7
SGD, 1, -3, 1, -3, 128, 128, 128, 128, 0.3, 0.3, 1.3,1.3, inf, inf, 3, 3, 1, 1000, 0, 0, 8, 50.66, 27.3738, 18.4422, 1.0012, 200, 20, 3, 1, 7, 0, 0, 3, 1, 0, 0, 1, 7
SGD, 1, -3, 1, -3, 128, 128, 128, 128, 0.3, 0.3, 1.3,1.3, inf, inf, 3, 3, 1, 1000, 0, 0, 9, 41.42, 28.9344, 17.939, 1.0012, 200, 20, 3, 1, 7, 0, 0, 3, 1, 0, 0, 1, 7
SGD, 1, -3, 1, -3, 128, 128, 128, 128, 0.3, 0.3, 1.3,1.3, inf, inf, 3, 3, 1, 1000, 0, 0, 10, 56.01, 31.642, 18.8575, 1.0012, 200, 20, 3, 1, 7, 0, 0, 3, 1, 0, 0, 1, 7
SGD, 1, -3, 1, -3, 128, 128, 128, 128, 0.3, 0.3, 1.3,1.3, inf, inf, 3, 3, 1, 1000, 0, 0, 11, 50.82, 33.3855, 18.8062, 1.0012, 200, 20, 3, 1, 7, 0, 0, 3, 1, 0, 0, 1, 7
SGD, 1, -3, 1, -3, 128, 128, 128, 128, 0.3, 0.3, 1.3,1.3, inf, inf, 3, 3, 1, 1000, 0, 0, 12, 50.01, 34.7708, 18.5826, 1.0012, 200, 20, 3, 1, 7, 0, 0, 3, 1, 0, 0, 1, 7
SGD, 1, -3, 1, -3, 128, 128, 128, 128, 0.3, 0.3, 1.3,1.3, inf, inf, 3, 3, 1, 1000, 0, 0, 13, 44.23, 35.4985, 18.0307, 1.0012, 200, 20, 3, 1, 7, 0, 0, 3, 1, 0, 0, 1, 7
SGD, 1, -3, 1, -3, 128, 128, 128, 128, 0.3, 0.3, 1.3,1.3, inf, inf, 3, 3, 1, 1000, 0, 0, 14, 41.84, 35.9514, 17.4514, 1.0012, 200, 20, 3, 1, 7, 0, 0, 3, 1, 0, 0, 1, 7
SGD, 1, -3, 1, -3, 128, 128, 128, 128, 0.3, 0.3, 1.3,1.3, inf, inf, 3, 3, 1, 1000, 0, 0, 15, 42.4, 36.3813, 16.9362, 1.0012, 200, 20, 3, 1, 7, 0, 0, 3, 1, 0, 0, 1, 7
param->optimization_type, NL_LTP_Gp, NL_LTD_Gp, NL_LTP_Gn, NL_LTD_Gn, kp, kd, knp, knd, pLA, nLA, pLAd,nLAd, pof, nof, newUpdateRate, nnewUpdateRate, ReverseUpdate, RefreshRate, FullRefresh, dominance, epoch, accuracy, average accuracy, standard deviation, adaptive ratio, area sizeIH, area sizeHO, learningratesplit, Gth1, Gth2, usesplitadapt, unitcellsplit, saturationprotector, destructionprotector, deltaweightratio, usesplit, adaptivesplit Gth1, adaptivesplit Gth2
SGD, 1, -5, 1, -5, 128, 128, 128, 128, 0.3, 0.3, 2.3,2.3, inf, inf, 3, 3, 1, 1000, 0, 0, 1, 13.56, 13.56, 0, 1.0012, 200, 20, 3, 1, 7, 0, 0, 3, 1, 0, 0, 1, 7
SGD, 1, -5, 1, -5, 128, 128, 128, 128, 0.3, 0.3, 2.3,2.3, inf, inf, 3, 3, 1, 1000, 0, 0, 2, 13.56, 13.56, 0, 1.0012, 200, 20, 3, 1, 7, 0, 0, 3, 1, 0, 0, 1, 7
SGD, 1, -5, 1, -5, 128, 128, 128, 128, 0.3, 0.3, 2.3,2.3, inf, inf, 3, 3, 1, 1000, 0, 0, 3, 13.56, 13.56, 0, 1.0012, 200, 20, 3, 1, 7, 0, 0, 3, 1, 0, 0, 1, 7
SGD, 1, -5, 1, -5, 128, 128, 128, 128, 0.3, 0.3, 2.3,2.3, inf, inf, 3, 3, 1, 1000, 0, 0, 4, 13.56, 13.56, 0, 1.0012, 200, 20, 3, 1, 7, 0, 0, 3, 1, 0, 0, 1, 7
SGD, 1, -5, 1, -5, 128, 128, 128, 128, 0.3, 0.3, 2.3,2.3, inf, inf, 3, 3, 1, 1000, 0, 0, 5, 13.56, 13.56, 1.77636e-15, 1.0012, 200, 20, 3, 1, 7, 0, 0, 3, 1, 0, 0, 1, 7
SGD, 1, -5, 1, -5, 128, 128, 128, 128, 0.3, 0.3, 2.3,2.3, inf, inf, 3, 3, 1, 1000, 0, 0, 6, 13.56, 13.56, 0, 1.0012, 200, 20, 3, 1, 7, 0, 0, 3, 1, 0, 0, 1, 7
SGD, 1, -5, 1, -5, 128, 128, 128, 128, 0.3, 0.3, 2.3,2.3, inf, inf, 3, 3, 1, 1000, 0, 0, 7, 13.56, 13.56, 0, 1.0012, 200, 20, 3, 1, 7, 0, 0, 3, 1, 0, 0, 1, 7
SGD, 1, -5, 1, -5, 128, 128, 128, 128, 0.3, 0.3, 2.3,2.3, inf, inf, 3, 3, 1, 1000, 0, 0, 8, 13.56, 13.56, 0, 1.0012, 200, 20, 3, 1, 7, 0, 0, 3, 1, 0, 0, 1, 7
SGD, 1, -5, 1, -5, 128, 128, 128, 128, 0.3, 0.3, 2.3,2.3, inf, inf, 3, 3, 1, 1000, 0, 0, 9, 13.29, 13.53, 0.0848528, 1.0012, 200, 20, 3, 1, 7, 0, 0, 3, 1, 0, 0, 1, 7
SGD, 1, -5, 1, -5, 128, 128, 128, 128, 0.3, 0.3, 2.3,2.3, inf, inf, 3, 3, 1, 1000, 0, 0, 10, 13.29, 13.506, 0.108, 1.0012, 200, 20, 3, 1, 7, 0, 0, 3, 1, 0, 0, 1, 7
SGD, 1, -5, 1, -5, 128, 128, 128, 128, 0.3, 0.3, 2.3,2.3, inf, inf, 3, 3, 1, 1000, 0, 0, 11, 13.29, 13.4864, 0.120248, 1.0012, 200, 20, 3, 1, 7, 0, 0, 3, 1, 0, 0, 1, 7
SGD, 1, -5, 1, -5, 128, 128, 128, 128, 0.3, 0.3, 2.3,2.3, inf, inf, 3, 3, 1, 1000, 0, 0, 12, 13.29, 13.47, 0.127279, 1.0012, 200, 20, 3, 1, 7, 0, 0, 3, 1, 0, 0, 1, 7
SGD, 1, -5, 1, -5, 128, 128, 128, 128, 0.3, 0.3, 2.3,2.3, inf, inf, 3, 3, 1, 1000, 0, 0, 13, 12.88, 13.4246, 0.199176, 1.0012, 200, 20, 3, 1, 7, 0, 0, 3, 1, 0, 0, 1, 7
SGD, 1, -5, 1, -5, 128, 128, 128, 128, 0.3, 0.3, 2.3,2.3, inf, inf, 3, 3, 1, 1000, 0, 0, 14, 12.88, 13.3857, 0.237719, 1.0012, 200, 20, 3, 1, 7, 0, 0, 3, 1, 0, 0, 1, 7
SGD, 1, -5, 1, -5, 128, 128, 128, 128, 0.3, 0.3, 2.3,2.3, inf, inf, 3, 3, 1, 1000, 0, 0, 15, 12.88, 13.352, 0.262023, 1.0012, 200, 20, 3, 1, 7, 0, 0, 3, 1, 0, 0, 1, 7
param->optimization_type, NL_LTP_Gp, NL_LTD_Gp, NL_LTP_Gn, NL_LTD_Gn, kp, kd, knp, knd, pLA, nLA, pLAd,nLAd, pof, nof, newUpdateRate, nnewUpdateRate, ReverseUpdate, RefreshRate, FullRefresh, dominance, epoch, accuracy, average accuracy, standard deviation, adaptive ratio, area sizeIH, area sizeHO, learningratesplit, Gth1, Gth2, usesplitadapt, unitcellsplit, saturationprotector, destructionprotector, deltaweightratio, usesplit, adaptivesplit Gth1, adaptivesplit Gth2
SGD, 1, -7, 1, -7, 128, 128, 128, 128, 0.3, 0.3, 3.3,3.3, inf, inf, 3, 3, 1, 1000, 0, 0, 1, 12.65, 12.65, 0, 1.0012, 200, 20, 3, 1, 7, 0, 0, 3, 1, 0, 0, 1, 7
SGD, 1, -7, 1, -7, 128, 128, 128, 128, 0.3, 0.3, 3.3,3.3, inf, inf, 3, 3, 1, 1000, 0, 0, 2, 11.35, 12, 0.65, 1.0012, 200, 20, 3, 1, 7, 0, 0, 3, 1, 0, 0, 1, 7
SGD, 1, -7, 1, -7, 128, 128, 128, 128, 0.3, 0.3, 3.3,3.3, inf, inf, 3, 3, 1, 1000, 0, 0, 3, 11.53, 11.8433, 0.575114, 1.0012, 200, 20, 3, 1, 7, 0, 0, 3, 1, 0, 0, 1, 7
SGD, 1, -7, 1, -7, 128, 128, 128, 128, 0.3, 0.3, 3.3,3.3, inf, inf, 3, 3, 1, 1000, 0, 0, 4, 14.81, 12.585, 1.37778, 1.0012, 200, 20, 3, 1, 7, 0, 0, 3, 1, 0, 0, 1, 7
SGD, 1, -7, 1, -7, 128, 128, 128, 128, 0.3, 0.3, 3.3,3.3, inf, inf, 3, 3, 1, 1000, 0, 0, 5, 11.67, 12.402, 1.28553, 1.0012, 200, 20, 3, 1, 7, 0, 0, 3, 1, 0, 0, 1, 7
SGD, 1, -7, 1, -7, 128, 128, 128, 128, 0.3, 0.3, 3.3,3.3, inf, inf, 3, 3, 1, 1000, 0, 0, 6, 11.52, 12.255, 1.21868, 1.0012, 200, 20, 3, 1, 7, 0, 0, 3, 1, 0, 0, 1, 7
SGD, 1, -7, 1, -7, 128, 128, 128, 128, 0.3, 0.3, 3.3,3.3, inf, inf, 3, 3, 1, 1000, 0, 0, 7, 11.46, 12.1414, 1.16207, 1.0012, 200, 20, 3, 1, 7, 0, 0, 3, 1, 0, 0, 1, 7
SGD, 1, -7, 1, -7, 128, 128, 128, 128, 0.3, 0.3, 3.3,3.3, inf, inf, 3, 3, 1, 1000, 0, 0, 8, 11.03, 12.0025, 1.14748, 1.0012, 200, 20, 3, 1, 7, 0, 0, 3, 1, 0, 0, 1, 7
SGD, 1, -7, 1, -7, 128, 128, 128, 128, 0.3, 0.3, 3.3,3.3, inf, inf, 3, 3, 1, 1000, 0, 0, 9, 10.21, 11.8033, 1.21974, 1.0012, 200, 20, 3, 1, 7, 0, 0, 3, 1, 0, 0, 1, 7
SGD, 1, -7, 1, -7, 128, 128, 128, 128, 0.3, 0.3, 3.3,3.3, inf, inf, 3, 3, 1, 1000, 0, 0, 10, 12.17, 11.84, 1.16236, 1.0012, 200, 20, 3, 1, 7, 0, 0, 3, 1, 0, 0, 1, 7
SGD, 1, -7, 1, -7, 128, 128, 128, 128, 0.3, 0.3, 3.3,3.3, inf, inf, 3, 3, 1, 1000, 0, 0, 11, 9.67, 11.6427, 1.27178, 1.0012, 200, 20, 3, 1, 7, 0, 0, 3, 1, 0, 0, 1, 7
SGD, 1, -7, 1, -7, 128, 128, 128, 128, 0.3, 0.3, 3.3,3.3, inf, inf, 3, 3, 1, 1000, 0, 0, 12, 10.1, 11.5142, 1.29013, 1.0012, 200, 20, 3, 1, 7, 0, 0, 3, 1, 0, 0, 1, 7
SGD, 1, -7, 1, -7, 128, 128, 128, 128, 0.3, 0.3, 3.3,3.3, inf, inf, 3, 3, 1, 1000, 0, 0, 13, 10.29, 11.42, 1.28172, 1.0012, 200, 20, 3, 1, 7, 0, 0, 3, 1, 0, 0, 1, 7
SGD, 1, -7, 1, -7, 128, 128, 128, 128, 0.3, 0.3, 3.3,3.3, inf, inf, 3, 3, 1, 1000, 0, 0, 14, 10.1, 11.3257, 1.28103, 1.0012, 200, 20, 3, 1, 7, 0, 0, 3, 1, 0, 0, 1, 7
SGD, 1, -7, 1, -7, 128, 128, 128, 128, 0.3, 0.3, 3.3,3.3, inf, inf, 3, 3, 1, 1000, 0, 0, 15, 11.26, 11.3213, 1.2377, 1.0012, 200, 20, 3, 1, 7, 0, 0, 3, 1, 0, 0, 1, 7
param->optimization_type, NL_LTP_Gp, NL_LTD_Gp, NL_LTP_Gn, NL_LTD_Gn, kp, kd, knp, knd, pLA, nLA, pLAd,nLAd, pof, nof, newUpdateRate, nnewUpdateRate, ReverseUpdate, RefreshRate, FullRefresh, dominance, epoch, accuracy, average accuracy, standard deviation, adaptive ratio, area sizeIH, area sizeHO, learningratesplit, Gth1, Gth2, usesplitadapt, unitcellsplit, saturationprotector, destructionprotector, deltaweightratio, usesplit, adaptivesplit Gth1, adaptivesplit Gth2
SGD, 1, -9, 1, -9, 128, 128, 128, 128, 0.3, 0.3, 4.3,4.3, inf, inf, 3, 3, 1, 1000, 0, 0, 1, 10.32, 10.32, 0, 1.0012, 200, 20, 3, 1, 7, 0, 0, 3, 1, 0, 0, 1, 7
SGD, 1, -9, 1, -9, 128, 128, 128, 128, 0.3, 0.3, 4.3,4.3, inf, inf, 3, 3, 1, 1000, 0, 0, 2, 10.32, 10.32, 0, 1.0012, 200, 20, 3, 1, 7, 0, 0, 3, 1, 0, 0, 1, 7
SGD, 1, -9, 1, -9, 128, 128, 128, 128, 0.3, 0.3, 4.3,4.3, inf, inf, 3, 3, 1, 1000, 0, 0, 3, 11.73, 10.79, 0.66468, 1.0012, 200, 20, 3, 1, 7, 0, 0, 3, 1, 0, 0, 1, 7
SGD, 1, -9, 1, -9, 128, 128, 128, 128, 0.3, 0.3, 4.3,4.3, inf, inf, 3, 3, 1, 1000, 0, 0, 4, 11.59, 10.99, 0.671826, 1.0012, 200, 20, 3, 1, 7, 0, 0, 3, 1, 0, 0, 1, 7
SGD, 1, -9, 1, -9, 128, 128, 128, 128, 0.3, 0.3, 4.3,4.3, inf, inf, 3, 3, 1, 1000, 0, 0, 5, 11.02, 10.996, 0.601019, 1.0012, 200, 20, 3, 1, 7, 0, 0, 3, 1, 0, 0, 1, 7
SGD, 1, -9, 1, -9, 128, 128, 128, 128, 0.3, 0.3, 4.3,4.3, inf, inf, 3, 3, 1, 1000, 0, 0, 6, 9.8, 10.7967, 0.706887, 1.0012, 200, 20, 3, 1, 7, 0, 0, 3, 1, 0, 0, 1, 7
SGD, 1, -9, 1, -9, 128, 128, 128, 128, 0.3, 0.3, 4.3,4.3, inf, inf, 3, 3, 1, 1000, 0, 0, 7, 9.06, 10.5486, 0.893091, 1.0012, 200, 20, 3, 1, 7, 0, 0, 3, 1, 0, 0, 1, 7
SGD, 1, -9, 1, -9, 128, 128, 128, 128, 0.3, 0.3, 4.3,4.3, inf, inf, 3, 3, 1, 1000, 0, 0, 8, 11.32, 10.645, 0.873499, 1.0012, 200, 20, 3, 1, 7, 0, 0, 3, 1, 0, 0, 1, 7
SGD, 1, -9, 1, -9, 128, 128, 128, 128, 0.3, 0.3, 4.3,4.3, inf, inf, 3, 3, 1, 1000, 0, 0, 9, 10.31, 10.6078, 0.830245, 1.0012, 200, 20, 3, 1, 7, 0, 0, 3, 1, 0, 0, 1, 7
SGD, 1, -9, 1, -9, 128, 128, 128, 128, 0.3, 0.3, 4.3,4.3, inf, inf, 3, 3, 1, 1000, 0, 0, 10, 9.11, 10.458, 0.906794, 1.0012, 200, 20, 3, 1, 7, 0, 0, 3, 1, 0, 0, 1, 7
SGD, 1, -9, 1, -9, 128, 128, 128, 128, 0.3, 0.3, 4.3,4.3, inf, inf, 3, 3, 1, 1000, 0, 0, 11, 8.93, 10.3191, 0.969784, 1.0012, 200, 20, 3, 1, 7, 0, 0, 3, 1, 0, 0, 1, 7
SGD, 1, -9, 1, -9, 128, 128, 128, 128, 0.3, 0.3, 4.3,4.3, inf, inf, 3, 3, 1, 1000, 0, 0, 12, 10.32, 10.3192, 0.928498, 1.0012, 200, 20, 3, 1, 7, 0, 0, 3, 1, 0, 0, 1, 7
SGD, 1, -9, 1, -9, 128, 128, 128, 128, 0.3, 0.3, 4.3,4.3, inf, inf, 3, 3, 1, 1000, 0, 0, 13, 9.8, 10.2792, 0.902735, 1.0012, 200, 20, 3, 1, 7, 0, 0, 3, 1, 0, 0, 1, 7
SGD, 1, -9, 1, -9, 128, 128, 128, 128, 0.3, 0.3, 4.3,4.3, inf, inf, 3, 3, 1, 1000, 0, 0, 14, 10.62, 10.3036, 0.874313, 1.0012, 200, 20, 3, 1, 7, 0, 0, 3, 1, 0, 0, 1, 7
SGD, 1, -9, 1, -9, 128, 128, 128, 128, 0.3, 0.3, 4.3,4.3, inf, inf, 3, 3, 1, 1000, 0, 0, 15, 9.68, 10.262, 0.858869, 1.0012, 200, 20, 3, 1, 7, 0, 0, 3, 1, 0, 0, 1, 7
param->optimization_type, NL_LTP_Gp, NL_LTD_Gp, NL_LTP_Gn, NL_LTD_Gn, kp, kd, knp, knd, pLA, nLA, pLAd,nLAd, pof, nof, newUpdateRate, nnewUpdateRate, ReverseUpdate, RefreshRate, FullRefresh, dominance, epoch, accuracy, average accuracy, standard deviation, adaptive ratio, area sizeIH, area sizeHO, learningratesplit, Gth1, Gth2, usesplitadapt, unitcellsplit, saturationprotector, destructionprotector, deltaweightratio, usesplit, adaptivesplit Gth1, adaptivesplit Gth2
SGD, 1, -1, 1, -1, 128, 128, 128, 128, 0.3, 0.3, 0.6,0.6, inf, inf, 3, 3, 1, 1000, 0, 0, 1, 11.2, 11.2, 0, 1.0012, 200, 20, 3, 1, 7, 0, 0, 3, 1, 0, 0, 1, 7
SGD, 1, -1, 1, -1, 128, 128, 128, 128, 0.3, 0.3, 0.6,0.6, inf, inf, 3, 3, 1, 1000, 0, 0, 2, 15.95, 13.575, 2.375, 1.0012, 200, 20, 3, 1, 7, 0, 0, 3, 1, 0, 0, 1, 7
SGD, 1, -1, 1, -1, 128, 128, 128, 128, 0.3, 0.3, 0.6,0.6, inf, inf, 3, 3, 1, 1000, 0, 0, 3, 29.69, 18.9467, 7.84028, 1.0012, 200, 20, 3, 1, 7, 0, 0, 3, 1, 0, 0, 1, 7
SGD, 1, -1, 1, -1, 128, 128, 128, 128, 0.3, 0.3, 0.6,0.6, inf, inf, 3, 3, 1, 1000, 0, 0, 4, 55.55, 28.0975, 17.2428, 1.0012, 200, 20, 3, 1, 7, 0, 0, 3, 1, 0, 0, 1, 7
SGD, 1, -1, 1, -1, 128, 128, 128, 128, 0.3, 0.3, 0.6,0.6, inf, inf, 3, 3, 1, 1000, 0, 0, 5, 59.35, 34.348, 19.8526, 1.0012, 200, 20, 3, 1, 7, 0, 0, 3, 1, 0, 0, 1, 7
SGD, 1, -1, 1, -1, 128, 128, 128, 128, 0.3, 0.3, 0.6,0.6, inf, inf, 3, 3, 1, 1000, 0, 0, 6, 75.54, 41.2133, 23.7509, 1.0012, 200, 20, 3, 1, 7, 0, 0, 3, 1, 0, 0, 1, 7
SGD, 1, -1, 1, -1, 128, 128, 128, 128, 0.3, 0.3, 0.6,0.6, inf, inf, 3, 3, 1, 1000, 0, 0, 7, 78.17, 46.4929, 25.51, 1.0012, 200, 20, 3, 1, 7, 0, 0, 3, 1, 0, 0, 1, 7
SGD, 1, -1, 1, -1, 128, 128, 128, 128, 0.3, 0.3, 0.6,0.6, inf, inf, 3, 3, 1, 1000, 0, 0, 8, 79.6, 50.6313, 26.2545, 1.0012, 200, 20, 3, 1, 7, 0, 0, 3, 1, 0, 0, 1, 7
SGD, 1, -1, 1, -1, 128, 128, 128, 128, 0.3, 0.3, 0.6,0.6, inf, inf, 3, 3, 1, 1000, 0, 0, 9, 79.72, 53.8633, 26.3871, 1.0012, 200, 20, 3, 1, 7, 0, 0, 3, 1, 0, 0, 1, 7
SGD, 1, -1, 1, -1, 128, 128, 128, 128, 0.3, 0.3, 0.6,0.6, inf, inf, 3, 3, 1, 1000, 0, 0, 10, 80.35, 56.512, 26.2639, 1.0012, 200, 20, 3, 1, 7, 0, 0, 3, 1, 0, 0, 1, 7
SGD, 1, -1, 1, -1, 128, 128, 128, 128, 0.3, 0.3, 0.6,0.6, inf, inf, 3, 3, 1, 1000, 0, 0, 11, 80.42, 58.6855, 25.9677, 1.0012, 200, 20, 3, 1, 7, 0, 0, 3, 1, 0, 0, 1, 7
SGD, 1, -1, 1, -1, 128, 128, 128, 128, 0.3, 0.3, 0.6,0.6, inf, inf, 3, 3, 1, 1000, 0, 0, 12, 81, 60.545, 25.6157, 1.0012, 200, 20, 3, 1, 7, 0, 0, 3, 1, 0, 0, 1, 7
SGD, 1, -1, 1, -1, 128, 128, 128, 128, 0.3, 0.3, 0.6,0.6, inf, inf, 3, 3, 1, 1000, 0, 0, 13, 80.16, 62.0538, 25.1597, 1.0012, 200, 20, 3, 1, 7, 0, 0, 3, 1, 0, 0, 1, 7
SGD, 1, -1, 1, -1, 128, 128, 128, 128, 0.3, 0.3, 0.6,0.6, inf, inf, 3, 3, 1, 1000, 0, 0, 14, 81.61, 63.4507, 24.7621, 1.0012, 200, 20, 3, 1, 7, 0, 0, 3, 1, 0, 0, 1, 7
SGD, 1, -1, 1, -1, 128, 128, 128, 128, 0.3, 0.3, 0.6,0.6, inf, inf, 3, 3, 1, 1000, 0, 0, 15, 80.98, 64.6193, 24.3188, 1.0012, 200, 20, 3, 1, 7, 0, 0, 3, 1, 0, 0, 1, 7
param->optimization_type, NL_LTP_Gp, NL_LTD_Gp, NL_LTP_Gn, NL_LTD_Gn, kp, kd, knp, knd, pLA, nLA, pLAd,nLAd, pof, nof, newUpdateRate, nnewUpdateRate, ReverseUpdate, RefreshRate, FullRefresh, dominance, epoch, accuracy, average accuracy, standard deviation, adaptive ratio, area sizeIH, area sizeHO, learningratesplit, Gth1, Gth2, usesplitadapt, unitcellsplit, saturationprotector, destructionprotector, deltaweightratio, usesplit, adaptivesplit Gth1, adaptivesplit Gth2
SGD, 1, -3, 1, -3, 128, 128, 128, 128, 0.3, 0.3, 1.6,1.6, inf, inf, 3, 3, 1, 1000, 0, 0, 1, 11, 11, 0, 1.0012, 200, 20, 3, 1, 7, 0, 0, 3, 1, 0, 0, 1, 7
SGD, 1, -3, 1, -3, 128, 128, 128, 128, 0.3, 0.3, 1.6,1.6, inf, inf, 3, 3, 1, 1000, 0, 0, 2, 10.65, 10.825, 0.175, 1.0012, 200, 20, 3, 1, 7, 0, 0, 3, 1, 0, 0, 1, 7
SGD, 1, -3, 1, -3, 128, 128, 128, 128, 0.3, 0.3, 1.6,1.6, inf, inf, 3, 3, 1, 1000, 0, 0, 3, 10.75, 10.8, 0.147196, 1.0012, 200, 20, 3, 1, 7, 0, 0, 3, 1, 0, 0, 1, 7
SGD, 1, -3, 1, -3, 128, 128, 128, 128, 0.3, 0.3, 1.6,1.6, inf, inf, 3, 3, 1, 1000, 0, 0, 4, 10.87, 10.8175, 0.13103, 1.0012, 200, 20, 3, 1, 7, 0, 0, 3, 1, 0, 0, 1, 7
SGD, 1, -3, 1, -3, 128, 128, 128, 128, 0.3, 0.3, 1.6,1.6, inf, inf, 3, 3, 1, 1000, 0, 0, 5, 10.75, 10.804, 0.120266, 1.0012, 200, 20, 3, 1, 7, 0, 0, 3, 1, 0, 0, 1, 7
SGD, 1, -3, 1, -3, 128, 128, 128, 128, 0.3, 0.3, 1.6,1.6, inf, inf, 3, 3, 1, 1000, 0, 0, 6, 10.35, 10.7283, 0.201694, 1.0012, 200, 20, 3, 1, 7, 0, 0, 3, 1, 0, 0, 1, 7
SGD, 1, -3, 1, -3, 128, 128, 128, 128, 0.3, 0.3, 1.6,1.6, inf, inf, 3, 3, 1, 1000, 0, 0, 7, 14.51, 11.2686, 1.33642, 1.0012, 200, 20, 3, 1, 7, 0, 0, 3, 1, 0, 0, 1, 7
SGD, 1, -3, 1, -3, 128, 128, 128, 128, 0.3, 0.3, 1.6,1.6, inf, inf, 3, 3, 1, 1000, 0, 0, 8, 24.11, 12.8737, 4.42707, 1.0012, 200, 20, 3, 1, 7, 0, 0, 3, 1, 0, 0, 1, 7
SGD, 1, -3, 1, -3, 128, 128, 128, 128, 0.3, 0.3, 1.6,1.6, inf, inf, 3, 3, 1, 1000, 0, 0, 9, 38.84, 15.7589, 9.16589, 1.0012, 200, 20, 3, 1, 7, 0, 0, 3, 1, 0, 0, 1, 7
SGD, 1, -3, 1, -3, 128, 128, 128, 128, 0.3, 0.3, 1.6,1.6, inf, inf, 3, 3, 1, 1000, 0, 0, 10, 29.87, 17.17, 9.67126, 1.0012, 200, 20, 3, 1, 7, 0, 0, 3, 1, 0, 0, 1, 7
SGD, 1, -3, 1, -3, 128, 128, 128, 128, 0.3, 0.3, 1.6,1.6, inf, inf, 3, 3, 1, 1000, 0, 0, 11, 34.48, 18.7436, 10.4782, 1.0012, 200, 20, 3, 1, 7, 0, 0, 3, 1, 0, 0, 1, 7
SGD, 1, -3, 1, -3, 128, 128, 128, 128, 0.3, 0.3, 1.6,1.6, inf, inf, 3, 3, 1, 1000, 0, 0, 12, 25.21, 19.2825, 10.1901, 1.0012, 200, 20, 3, 1, 7, 0, 0, 3, 1, 0, 0, 1, 7
SGD, 1, -3, 1, -3, 128, 128, 128, 128, 0.3, 0.3, 1.6,1.6, inf, inf, 3, 3, 1, 1000, 0, 0, 13, 24.99, 19.7215, 9.90776, 1.0012, 200, 20, 3, 1, 7, 0, 0, 3, 1, 0, 0, 1, 7
SGD, 1, -3, 1, -3, 128, 128, 128, 128, 0.3, 0.3, 1.6,1.6, inf, inf, 3, 3, 1, 1000, 0, 0, 14, 22.07, 19.8893, 9.56649, 1.0012, 200, 20, 3, 1, 7, 0, 0, 3, 1, 0, 0, 1, 7
SGD, 1, -3, 1, -3, 128, 128, 128, 128, 0.3, 0.3, 1.6,1.6, inf, inf, 3, 3, 1, 1000, 0, 0, 15, 16.18, 19.642, 9.28831, 1.0012, 200, 20, 3, 1, 7, 0, 0, 3, 1, 0, 0, 1, 7
param->optimization_type, NL_LTP_Gp, NL_LTD_Gp, NL_LTP_Gn, NL_LTD_Gn, kp, kd, knp, knd, pLA, nLA, pLAd,nLAd, pof, nof, newUpdateRate, nnewUpdateRate, ReverseUpdate, RefreshRate, FullRefresh, dominance, epoch, accuracy, average accuracy, standard deviation, adaptive ratio, area sizeIH, area sizeHO, learningratesplit, Gth1, Gth2, usesplitadapt, unitcellsplit, saturationprotector, destructionprotector, deltaweightratio, usesplit, adaptivesplit Gth1, adaptivesplit Gth2
SGD, 1, -5, 1, -5, 128, 128, 128, 128, 0.3, 0.3, 2.6,2.6, inf, inf, 3, 3, 1, 1000, 0, 0, 1, 11.35, 11.35, 0, 1.0012, 200, 20, 3, 1, 7, 0, 0, 3, 1, 0, 0, 1, 7
SGD, 1, -5, 1, -5, 128, 128, 128, 128, 0.3, 0.3, 2.6,2.6, inf, inf, 3, 3, 1, 1000, 0, 0, 2, 11.35, 11.35, 0, 1.0012, 200, 20, 3, 1, 7, 0, 0, 3, 1, 0, 0, 1, 7
SGD, 1, -5, 1, -5, 128, 128, 128, 128, 0.3, 0.3, 2.6,2.6, inf, inf, 3, 3, 1, 1000, 0, 0, 3, 11.35, 11.35, 0, 1.0012, 200, 20, 3, 1, 7, 0, 0, 3, 1, 0, 0, 1, 7
SGD, 1, -5, 1, -5, 128, 128, 128, 128, 0.3, 0.3, 2.6,2.6, inf, inf, 3, 3, 1, 1000, 0, 0, 4, 19.77, 13.455, 3.64597, 1.0012, 200, 20, 3, 1, 7, 0, 0, 3, 1, 0, 0, 1, 7
SGD, 1, -5, 1, -5, 128, 128, 128, 128, 0.3, 0.3, 2.6,2.6, inf, inf, 3, 3, 1, 1000, 0, 0, 5, 27.04, 16.172, 6.33741, 1.0012, 200, 20, 3, 1, 7, 0, 0, 3, 1, 0, 0, 1, 7
SGD, 1, -5, 1, -5, 128, 128, 128, 128, 0.3, 0.3, 2.6,2.6, inf, inf, 3, 3, 1, 1000, 0, 0, 6, 10.5, 15.2267, 6.15933, 1.0012, 200, 20, 3, 1, 7, 0, 0, 3, 1, 0, 0, 1, 7
SGD, 1, -5, 1, -5, 128, 128, 128, 128, 0.3, 0.3, 2.6,2.6, inf, inf, 3, 3, 1, 1000, 0, 0, 7, 20.85, 16.03, 6.03239, 1.0012, 200, 20, 3, 1, 7, 0, 0, 3, 1, 0, 0, 1, 7
SGD, 1, -5, 1, -5, 128, 128, 128, 128, 0.3, 0.3, 2.6,2.6, inf, inf, 3, 3, 1, 1000, 0, 0, 8, 16.82, 16.1287, 5.64883, 1.0012, 200, 20, 3, 1, 7, 0, 0, 3, 1, 0, 0, 1, 7
SGD, 1, -5, 1, -5, 128, 128, 128, 128, 0.3, 0.3, 2.6,2.6, inf, inf, 3, 3, 1, 1000, 0, 0, 9, 13.67, 15.8556, 5.38153, 1.0012, 200, 20, 3, 1, 7, 0, 0, 3, 1, 0, 0, 1, 7
SGD, 1, -5, 1, -5, 128, 128, 128, 128, 0.3, 0.3, 2.6,2.6, inf, inf, 3, 3, 1, 1000, 0, 0, 10, 13.15, 15.585, 5.16949, 1.0012, 200, 20, 3, 1, 7, 0, 0, 3, 1, 0, 0, 1, 7
SGD, 1, -5, 1, -5, 128, 128, 128, 128, 0.3, 0.3, 2.6,2.6, inf, inf, 3, 3, 1, 1000, 0, 0, 11, 10.36, 15.11, 5.15271, 1.0012, 200, 20, 3, 1, 7, 0, 0, 3, 1, 0, 0, 1, 7
SGD, 1, -5, 1, -5, 128, 128, 128, 128, 0.3, 0.3, 2.6,2.6, inf, inf, 3, 3, 1, 1000, 0, 0, 12, 12.39, 14.8833, 4.9903, 1.0012, 200, 20, 3, 1, 7, 0, 0, 3, 1, 0, 0, 1, 7
SGD, 1, -5, 1, -5, 128, 128, 128, 128, 0.3, 0.3, 2.6,2.6, inf, inf, 3, 3, 1, 1000, 0, 0, 13, 12.49, 14.6992, 4.83675, 1.0012, 200, 20, 3, 1, 7, 0, 0, 3, 1, 0, 0, 1, 7
SGD, 1, -5, 1, -5, 128, 128, 128, 128, 0.3, 0.3, 2.6,2.6, inf, inf, 3, 3, 1, 1000, 0, 0, 14, 13.31, 14.6, 4.67452, 1.0012, 200, 20, 3, 1, 7, 0, 0, 3, 1, 0, 0, 1, 7
SGD, 1, -5, 1, -5, 128, 128, 128, 128, 0.3, 0.3, 2.6,2.6, inf, inf, 3, 3, 1, 1000, 0, 0, 15, 12.61, 14.4673, 4.54322, 1.0012, 200, 20, 3, 1, 7, 0, 0, 3, 1, 0, 0, 1, 7
param->optimization_type, NL_LTP_Gp, NL_LTD_Gp, NL_LTP_Gn, NL_LTD_Gn, kp, kd, knp, knd, pLA, nLA, pLAd,nLAd, pof, nof, newUpdateRate, nnewUpdateRate, ReverseUpdate, RefreshRate, FullRefresh, dominance, epoch, accuracy, average accuracy, standard deviation, adaptive ratio, area sizeIH, area sizeHO, learningratesplit, Gth1, Gth2, usesplitadapt, unitcellsplit, saturationprotector, destructionprotector, deltaweightratio, usesplit, adaptivesplit Gth1, adaptivesplit Gth2
SGD, 1, -7, 1, -7, 128, 128, 128, 128, 0.3, 0.3, 3.6,3.6, inf, inf, 3, 3, 1, 1000, 0, 0, 1, 11.35, 11.35, 0, 1.0012, 200, 20, 3, 1, 7, 0, 0, 3, 1, 0, 0, 1, 7
SGD, 1, -7, 1, -7, 128, 128, 128, 128, 0.3, 0.3, 3.6,3.6, inf, inf, 3, 3, 1, 1000, 0, 0, 2, 11.35, 11.35, 0, 1.0012, 200, 20, 3, 1, 7, 0, 0, 3, 1, 0, 0, 1, 7
SGD, 1, -7, 1, -7, 128, 128, 128, 128, 0.3, 0.3, 3.6,3.6, inf, inf, 3, 3, 1, 1000, 0, 0, 3, 13.97, 12.2233, 1.23508, 1.0012, 200, 20, 3, 1, 7, 0, 0, 3, 1, 0, 0, 1, 7
SGD, 1, -7, 1, -7, 128, 128, 128, 128, 0.3, 0.3, 3.6,3.6, inf, inf, 3, 3, 1, 1000, 0, 0, 4, 11.89, 12.14, 1.07931, 1.0012, 200, 20, 3, 1, 7, 0, 0, 3, 1, 0, 0, 1, 7
SGD, 1, -7, 1, -7, 128, 128, 128, 128, 0.3, 0.3, 3.6,3.6, inf, inf, 3, 3, 1, 1000, 0, 0, 5, 12.58, 12.228, 0.981273, 1.0012, 200, 20, 3, 1, 7, 0, 0, 3, 1, 0, 0, 1, 7
SGD, 1, -7, 1, -7, 128, 128, 128, 128, 0.3, 0.3, 3.6,3.6, inf, inf, 3, 3, 1, 1000, 0, 0, 6, 9.69, 11.805, 1.30271, 1.0012, 200, 20, 3, 1, 7, 0, 0, 3, 1, 0, 0, 1, 7
SGD, 1, -7, 1, -7, 128, 128, 128, 128, 0.3, 0.3, 3.6,3.6, inf, inf, 3, 3, 1, 1000, 0, 0, 7, 11.17, 11.7143, 1.22638, 1.0012, 200, 20, 3, 1, 7, 0, 0, 3, 1, 0, 0, 1, 7
SGD, 1, -7, 1, -7, 128, 128, 128, 128, 0.3, 0.3, 3.6,3.6, inf, inf, 3, 3, 1, 1000, 0, 0, 8, 10.08, 11.51, 1.26812, 1.0012, 200, 20, 3, 1, 7, 0, 0, 3, 1, 0, 0, 1, 7
SGD, 1, -7, 1, -7, 128, 128, 128, 128, 0.3, 0.3, 3.6,3.6, inf, inf, 3, 3, 1, 1000, 0, 0, 9, 11.79, 11.5411, 1.19883, 1.0012, 200, 20, 3, 1, 7, 0, 0, 3, 1, 0, 0, 1, 7
SGD, 1, -7, 1, -7, 128, 128, 128, 128, 0.3, 0.3, 3.6,3.6, inf, inf, 3, 3, 1, 1000, 0, 0, 10, 10.17, 11.404, 1.20941, 1.0012, 200, 20, 3, 1, 7, 0, 0, 3, 1, 0, 0, 1, 7
SGD, 1, -7, 1, -7, 128, 128, 128, 128, 0.3, 0.3, 3.6,3.6, inf, inf, 3, 3, 1, 1000, 0, 0, 11, 12.4, 11.4945, 1.18814, 1.0012, 200, 20, 3, 1, 7, 0, 0, 3, 1, 0, 0, 1, 7
SGD, 1, -7, 1, -7, 128, 128, 128, 128, 0.3, 0.3, 3.6,3.6, inf, inf, 3, 3, 1, 1000, 0, 0, 12, 10.32, 11.3967, 1.18297, 1.0012, 200, 20, 3, 1, 7, 0, 0, 3, 1, 0, 0, 1, 7
SGD, 1, -7, 1, -7, 128, 128, 128, 128, 0.3, 0.3, 3.6,3.6, inf, inf, 3, 3, 1, 1000, 0, 0, 13, 10.09, 11.2962, 1.1887, 1.0012, 200, 20, 3, 1, 7, 0, 0, 3, 1, 0, 0, 1, 7
SGD, 1, -7, 1, -7, 128, 128, 128, 128, 0.3, 0.3, 3.6,3.6, inf, inf, 3, 3, 1, 1000, 0, 0, 14, 9.27, 11.1514, 1.25872, 1.0012, 200, 20, 3, 1, 7, 0, 0, 3, 1, 0, 0, 1, 7
SGD, 1, -7, 1, -7, 128, 128, 128, 128, 0.3, 0.3, 3.6,3.6, inf, inf, 3, 3, 1, 1000, 0, 0, 15, 10.1, 11.0813, 1.244, 1.0012, 200, 20, 3, 1, 7, 0, 0, 3, 1, 0, 0, 1, 7
param->optimization_type, NL_LTP_Gp, NL_LTD_Gp, NL_LTP_Gn, NL_LTD_Gn, kp, kd, knp, knd, pLA, nLA, pLAd,nLAd, pof, nof, newUpdateRate, nnewUpdateRate, ReverseUpdate, RefreshRate, FullRefresh, dominance, epoch, accuracy, average accuracy, standard deviation, adaptive ratio, area sizeIH, area sizeHO, learningratesplit, Gth1, Gth2, usesplitadapt, unitcellsplit, saturationprotector, destructionprotector, deltaweightratio, usesplit, adaptivesplit Gth1, adaptivesplit Gth2
SGD, 1, -9, 1, -9, 128, 128, 128, 128, 0.3, 0.3, 4.6,4.6, inf, inf, 3, 3, 1, 1000, 0, 0, 1, 10.1, 10.1, 0, 1.0012, 200, 20, 3, 1, 7, 0, 0, 3, 1, 0, 0, 1, 7
SGD, 1, -9, 1, -9, 128, 128, 128, 128, 0.3, 0.3, 4.6,4.6, inf, inf, 3, 3, 1, 1000, 0, 0, 2, 9.64, 9.87, 0.23, 1.0012, 200, 20, 3, 1, 7, 0, 0, 3, 1, 0, 0, 1, 7
SGD, 1, -9, 1, -9, 128, 128, 128, 128, 0.3, 0.3, 4.6,4.6, inf, inf, 3, 3, 1, 1000, 0, 0, 3, 10.48, 10.0733, 0.343447, 1.0012, 200, 20, 3, 1, 7, 0, 0, 3, 1, 0, 0, 1, 7
SGD, 1, -9, 1, -9, 128, 128, 128, 128, 0.3, 0.3, 4.6,4.6, inf, inf, 3, 3, 1, 1000, 0, 0, 4, 10.68, 10.225, 0.396831, 1.0012, 200, 20, 3, 1, 7, 0, 0, 3, 1, 0, 0, 1, 7
SGD, 1, -9, 1, -9, 128, 128, 128, 128, 0.3, 0.3, 4.6,4.6, inf, inf, 3, 3, 1, 1000, 0, 0, 5, 10.57, 10.294, 0.38082, 1.0012, 200, 20, 3, 1, 7, 0, 0, 3, 1, 0, 0, 1, 7
SGD, 1, -9, 1, -9, 128, 128, 128, 128, 0.3, 0.3, 4.6,4.6, inf, inf, 3, 3, 1, 1000, 0, 0, 6, 9.81, 10.2133, 0.391649, 1.0012, 200, 20, 3, 1, 7, 0, 0, 3, 1, 0, 0, 1, 7
SGD, 1, -9, 1, -9, 128, 128, 128, 128, 0.3, 0.3, 4.6,4.6, inf, inf, 3, 3, 1, 1000, 0, 0, 7, 10.38, 10.2371, 0.367257, 1.0012, 200, 20, 3, 1, 7, 0, 0, 3, 1, 0, 0, 1, 7
SGD, 1, -9, 1, -9, 128, 128, 128, 128, 0.3, 0.3, 4.6,4.6, inf, inf, 3, 3, 1, 1000, 0, 0, 8, 10.64, 10.2875, 0.368468, 1.0012, 200, 20, 3, 1, 7, 0, 0, 3, 1, 0, 0, 1, 7
SGD, 1, -9, 1, -9, 128, 128, 128, 128, 0.3, 0.3, 4.6,4.6, inf, inf, 3, 3, 1, 1000, 0, 0, 9, 10.17, 10.2744, 0.349352, 1.0012, 200, 20, 3, 1, 7, 0, 0, 3, 1, 0, 0, 1, 7
SGD, 1, -9, 1, -9, 128, 128, 128, 128, 0.3, 0.3, 4.6,4.6, inf, inf, 3, 3, 1, 1000, 0, 0, 10, 10.31, 10.278, 0.331596, 1.0012, 200, 20, 3, 1, 7, 0, 0, 3, 1, 0, 0, 1, 7
SGD, 1, -9, 1, -9, 128, 128, 128, 128, 0.3, 0.3, 4.6,4.6, inf, inf, 3, 3, 1, 1000, 0, 0, 11, 9.8, 10.2345, 0.344736, 1.0012, 200, 20, 3, 1, 7, 0, 0, 3, 1, 0, 0, 1, 7
SGD, 1, -9, 1, -9, 128, 128, 128, 128, 0.3, 0.3, 4.6,4.6, inf, inf, 3, 3, 1, 1000, 0, 0, 12, 10.3, 10.24, 0.330555, 1.0012, 200, 20, 3, 1, 7, 0, 0, 3, 1, 0, 0, 1, 7
SGD, 1, -9, 1, -9, 128, 128, 128, 128, 0.3, 0.3, 4.6,4.6, inf, inf, 3, 3, 1, 1000, 0, 0, 13, 9.66, 10.1954, 0.353197, 1.0012, 200, 20, 3, 1, 7, 0, 0, 3, 1, 0, 0, 1, 7
SGD, 1, -9, 1, -9, 128, 128, 128, 128, 0.3, 0.3, 4.6,4.6, inf, inf, 3, 3, 1, 1000, 0, 0, 14, 10.27, 10.2007, 0.340891, 1.0012, 200, 20, 3, 1, 7, 0, 0, 3, 1, 0, 0, 1, 7
SGD, 1, -9, 1, -9, 128, 128, 128, 128, 0.3, 0.3, 4.6,4.6, inf, inf, 3, 3, 1, 1000, 0, 0, 15, 10.05, 10.1907, 0.331471, 1.0012, 200, 20, 3, 1, 7, 0, 0, 3, 1, 0, 0, 1, 7
param->optimization_type, NL_LTP_Gp, NL_LTD_Gp, NL_LTP_Gn, NL_LTD_Gn, kp, kd, knp, knd, pLA, nLA, pLAd,nLAd, pof, nof, newUpdateRate, nnewUpdateRate, ReverseUpdate, RefreshRate, FullRefresh, dominance, epoch, accuracy, average accuracy, standard deviation, adaptive ratio, area sizeIH, area sizeHO, learningratesplit, Gth1, Gth2, usesplitadapt, unitcellsplit, saturationprotector, destructionprotector, deltaweightratio, usesplit, adaptivesplit Gth1, adaptivesplit Gth2
SGD, 1, -1, 1, -1, 128, 128, 128, 128, 0.3, 0.3, 0.9,0.9, inf, inf, 3, 3, 1, 1000, 0, 0, 1, 13, 13, 0, 1.0012, 200, 20, 3, 1, 7, 0, 0, 3, 1, 0, 0, 1, 7
SGD, 1, -1, 1, -1, 128, 128, 128, 128, 0.3, 0.3, 0.9,0.9, inf, inf, 3, 3, 1, 1000, 0, 0, 2, 16.98, 14.99, 1.99, 1.0012, 200, 20, 3, 1, 7, 0, 0, 3, 1, 0, 0, 1, 7
SGD, 1, -1, 1, -1, 128, 128, 128, 128, 0.3, 0.3, 0.9,0.9, inf, inf, 3, 3, 1, 1000, 0, 0, 3, 40.54, 23.5067, 12.1535, 1.0012, 200, 20, 3, 1, 7, 0, 0, 3, 1, 0, 0, 1, 7
SGD, 1, -1, 1, -1, 128, 128, 128, 128, 0.3, 0.3, 0.9,0.9, inf, inf, 3, 3, 1, 1000, 0, 0, 4, 65.75, 34.0675, 21.1039, 1.0012, 200, 20, 3, 1, 7, 0, 0, 3, 1, 0, 0, 1, 7
SGD, 1, -1, 1, -1, 128, 128, 128, 128, 0.3, 0.3, 0.9,0.9, inf, inf, 3, 3, 1, 1000, 0, 0, 5, 84.21, 44.096, 27.5424, 1.0012, 200, 20, 3, 1, 7, 0, 0, 3, 1, 0, 0, 1, 7
SGD, 1, -1, 1, -1, 128, 128, 128, 128, 0.3, 0.3, 0.9,0.9, inf, inf, 3, 3, 1, 1000, 0, 0, 6, 83.47, 50.6583, 29.1114, 1.0012, 200, 20, 3, 1, 7, 0, 0, 3, 1, 0, 0, 1, 7
SGD, 1, -1, 1, -1, 128, 128, 128, 128, 0.3, 0.3, 0.9,0.9, inf, inf, 3, 3, 1, 1000, 0, 0, 7, 84.32, 55.4671, 29.4135, 1.0012, 200, 20, 3, 1, 7, 0, 0, 3, 1, 0, 0, 1, 7
SGD, 1, -1, 1, -1, 128, 128, 128, 128, 0.3, 0.3, 0.9,0.9, inf, inf, 3, 3, 1, 1000, 0, 0, 8, 86.69, 59.37, 29.3877, 1.0012, 200, 20, 3, 1, 7, 0, 0, 3, 1, 0, 0, 1, 7
SGD, 1, -1, 1, -1, 128, 128, 128, 128, 0.3, 0.3, 0.9,0.9, inf, inf, 3, 3, 1, 1000, 0, 0, 9, 85.74, 62.3, 28.9198, 1.0012, 200, 20, 3, 1, 7, 0, 0, 3, 1, 0, 0, 1, 7
SGD, 1, -1, 1, -1, 128, 128, 128, 128, 0.3, 0.3, 0.9,0.9, inf, inf, 3, 3, 1, 1000, 0, 0, 10, 88.4, 64.91, 28.5312, 1.0012, 200, 20, 3, 1, 7, 0, 0, 3, 1, 0, 0, 1, 7
SGD, 1, -1, 1, -1, 128, 128, 128, 128, 0.3, 0.3, 0.9,0.9, inf, inf, 3, 3, 1, 1000, 0, 0, 11, 86.43, 66.8664, 27.898, 1.0012, 200, 20, 3, 1, 7, 0, 0, 3, 1, 0, 0, 1, 7
SGD, 1, -1, 1, -1, 128, 128, 128, 128, 0.3, 0.3, 0.9,0.9, inf, inf, 3, 3, 1, 1000, 0, 0, 12, 87.17, 68.5583, 27.2934, 1.0012, 200, 20, 3, 1, 7, 0, 0, 3, 1, 0, 0, 1, 7
SGD, 1, -1, 1, -1, 128, 128, 128, 128, 0.3, 0.3, 0.9,0.9, inf, inf, 3, 3, 1, 1000, 0, 0, 13, 87.69, 70.03, 26.7136, 1.0012, 200, 20, 3, 1, 7, 0, 0, 3, 1, 0, 0, 1, 7
SGD, 1, -1, 1, -1, 128, 128, 128, 128, 0.3, 0.3, 0.9,0.9, inf, inf, 3, 3, 1, 1000, 0, 0, 14, 89.27, 71.4043, 26.2145, 1.0012, 200, 20, 3, 1, 7, 0, 0, 3, 1, 0, 0, 1, 7
SGD, 1, -1, 1, -1, 128, 128, 128, 128, 0.3, 0.3, 0.9,0.9, inf, inf, 3, 3, 1, 1000, 0, 0, 15, 88.54, 72.5467, 25.6838, 1.0012, 200, 20, 3, 1, 7, 0, 0, 3, 1, 0, 0, 1, 7
param->optimization_type, NL_LTP_Gp, NL_LTD_Gp, NL_LTP_Gn, NL_LTD_Gn, kp, kd, knp, knd, pLA, nLA, pLAd,nLAd, pof, nof, newUpdateRate, nnewUpdateRate, ReverseUpdate, RefreshRate, FullRefresh, dominance, epoch, accuracy, average accuracy, standard deviation, adaptive ratio, area sizeIH, area sizeHO, learningratesplit, Gth1, Gth2, usesplitadapt, unitcellsplit, saturationprotector, destructionprotector, deltaweightratio, usesplit, adaptivesplit Gth1, adaptivesplit Gth2
SGD, 1, -3, 1, -3, 128, 128, 128, 128, 0.3, 0.3, 1.9,1.9, inf, inf, 3, 3, 1, 1000, 0, 0, 1, 15.23, 15.23, 0, 1.0012, 200, 20, 3, 1, 7, 0, 0, 3, 1, 0, 0, 1, 7
SGD, 1, -3, 1, -3, 128, 128, 128, 128, 0.3, 0.3, 1.9,1.9, inf, inf, 3, 3, 1, 1000, 0, 0, 2, 9.67, 12.45, 2.78, 1.0012, 200, 20, 3, 1, 7, 0, 0, 3, 1, 0, 0, 1, 7
SGD, 1, -3, 1, -3, 128, 128, 128, 128, 0.3, 0.3, 1.9,1.9, inf, inf, 3, 3, 1, 1000, 0, 0, 3, 8.81, 11.2367, 2.84546, 1.0012, 200, 20, 3, 1, 7, 0, 0, 3, 1, 0, 0, 1, 7
SGD, 1, -3, 1, -3, 128, 128, 128, 128, 0.3, 0.3, 1.9,1.9, inf, inf, 3, 3, 1, 1000, 0, 0, 4, 8.91, 10.655, 2.66223, 1.0012, 200, 20, 3, 1, 7, 0, 0, 3, 1, 0, 0, 1, 7
SGD, 1, -3, 1, -3, 128, 128, 128, 128, 0.3, 0.3, 1.9,1.9, inf, inf, 3, 3, 1, 1000, 0, 0, 5, 8.97, 10.318, 2.47472, 1.0012, 200, 20, 3, 1, 7, 0, 0, 3, 1, 0, 0, 1, 7
SGD, 1, -3, 1, -3, 128, 128, 128, 128, 0.3, 0.3, 1.9,1.9, inf, inf, 3, 3, 1, 1000, 0, 0, 6, 17.11, 11.45, 3.39274, 1.0012, 200, 20, 3, 1, 7, 0, 0, 3, 1, 0, 0, 1, 7
SGD, 1, -3, 1, -3, 128, 128, 128, 128, 0.3, 0.3, 1.9,1.9, inf, inf, 3, 3, 1, 1000, 0, 0, 7, 32.75, 14.4929, 8.08827, 1.0012, 200, 20, 3, 1, 7, 0, 0, 3, 1, 0, 0, 1, 7
SGD, 1, -3, 1, -3, 128, 128, 128, 128, 0.3, 0.3, 1.9,1.9, inf, inf, 3, 3, 1, 1000, 0, 0, 8, 34.43, 16.985, 10.0358, 1.0012, 200, 20, 3, 1, 7, 0, 0, 3, 1, 0, 0, 1, 7
SGD, 1, -3, 1, -3, 128, 128, 128, 128, 0.3, 0.3, 1.9,1.9, inf, inf, 3, 3, 1, 1000, 0, 0, 9, 21.54, 17.4911, 9.56955, 1.0012, 200, 20, 3, 1, 7, 0, 0, 3, 1, 0, 0, 1, 7
SGD, 1, -3, 1, -3, 128, 128, 128, 128, 0.3, 0.3, 1.9,1.9, inf, inf, 3, 3, 1, 1000, 0, 0, 10, 15.62, 17.304, 9.09581, 1.0012, 200, 20, 3, 1, 7, 0, 0, 3, 1, 0, 0, 1, 7
SGD, 1, -3, 1, -3, 128, 128, 128, 128, 0.3, 0.3, 1.9,1.9, inf, inf, 3, 3, 1, 1000, 0, 0, 11, 18.53, 17.4155, 8.67968, 1.0012, 200, 20, 3, 1, 7, 0, 0, 3, 1, 0, 0, 1, 7
SGD, 1, -3, 1, -3, 128, 128, 128, 128, 0.3, 0.3, 1.9,1.9, inf, inf, 3, 3, 1, 1000, 0, 0, 12, 13.99, 17.13, 8.36391, 1.0012, 200, 20, 3, 1, 7, 0, 0, 3, 1, 0, 0, 1, 7
SGD, 1, -3, 1, -3, 128, 128, 128, 128, 0.3, 0.3, 1.9,1.9, inf, inf, 3, 3, 1, 1000, 0, 0, 13, 15.43, 16.9992, 8.04855, 1.0012, 200, 20, 3, 1, 7, 0, 0, 3, 1, 0, 0, 1, 7
SGD, 1, -3, 1, -3, 128, 128, 128, 128, 0.3, 0.3, 1.9,1.9, inf, inf, 3, 3, 1, 1000, 0, 0, 14, 11.57, 16.6114, 7.88081, 1.0012, 200, 20, 3, 1, 7, 0, 0, 3, 1, 0, 0, 1, 7
SGD, 1, -3, 1, -3, 128, 128, 128, 128, 0.3, 0.3, 1.9,1.9, inf, inf, 3, 3, 1, 1000, 0, 0, 15, 10.63, 16.2127, 7.7584, 1.0012, 200, 20, 3, 1, 7, 0, 0, 3, 1, 0, 0, 1, 7
param->optimization_type, NL_LTP_Gp, NL_LTD_Gp, NL_LTP_Gn, NL_LTD_Gn, kp, kd, knp, knd, pLA, nLA, pLAd,nLAd, pof, nof, newUpdateRate, nnewUpdateRate, ReverseUpdate, RefreshRate, FullRefresh, dominance, epoch, accuracy, average accuracy, standard deviation, adaptive ratio, area sizeIH, area sizeHO, learningratesplit, Gth1, Gth2, usesplitadapt, unitcellsplit, saturationprotector, destructionprotector, deltaweightratio, usesplit, adaptivesplit Gth1, adaptivesplit Gth2
SGD, 1, -5, 1, -5, 128, 128, 128, 128, 0.3, 0.3, 2.9,2.9, inf, inf, 3, 3, 1, 1000, 0, 0, 1, 11.23, 11.23, 0, 1.0012, 200, 20, 3, 1, 7, 0, 0, 3, 1, 0, 0, 1, 7
SGD, 1, -5, 1, -5, 128, 128, 128, 128, 0.3, 0.3, 2.9,2.9, inf, inf, 3, 3, 1, 1000, 0, 0, 2, 15.26, 13.245, 2.015, 1.0012, 200, 20, 3, 1, 7, 0, 0, 3, 1, 0, 0, 1, 7
SGD, 1, -5, 1, -5, 128, 128, 128, 128, 0.3, 0.3, 2.9,2.9, inf, inf, 3, 3, 1, 1000, 0, 0, 3, 9.84, 12.11, 2.29854, 1.0012, 200, 20, 3, 1, 7, 0, 0, 3, 1, 0, 0, 1, 7
SGD, 1, -5, 1, -5, 128, 128, 128, 128, 0.3, 0.3, 2.9,2.9, inf, inf, 3, 3, 1, 1000, 0, 0, 4, 20.18, 14.1275, 4.02161, 1.0012, 200, 20, 3, 1, 7, 0, 0, 3, 1, 0, 0, 1, 7
SGD, 1, -5, 1, -5, 128, 128, 128, 128, 0.3, 0.3, 2.9,2.9, inf, inf, 3, 3, 1, 1000, 0, 0, 5, 22.92, 15.886, 5.0307, 1.0012, 200, 20, 3, 1, 7, 0, 0, 3, 1, 0, 0, 1, 7
SGD, 1, -5, 1, -5, 128, 128, 128, 128, 0.3, 0.3, 2.9,2.9, inf, inf, 3, 3, 1, 1000, 0, 0, 6, 15.31, 15.79, 4.5974, 1.0012, 200, 20, 3, 1, 7, 0, 0, 3, 1, 0, 0, 1, 7
SGD, 1, -5, 1, -5, 128, 128, 128, 128, 0.3, 0.3, 2.9,2.9, inf, inf, 3, 3, 1, 1000, 0, 0, 7, 14.27, 15.5729, 4.28947, 1.0012, 200, 20, 3, 1, 7, 0, 0, 3, 1, 0, 0, 1, 7
SGD, 1, -5, 1, -5, 128, 128, 128, 128, 0.3, 0.3, 2.9,2.9, inf, inf, 3, 3, 1, 1000, 0, 0, 8, 11.1, 15.0137, 4.27642, 1.0012, 200, 20, 3, 1, 7, 0, 0, 3, 1, 0, 0, 1, 7
SGD, 1, -5, 1, -5, 128, 128, 128, 128, 0.3, 0.3, 2.9,2.9, inf, inf, 3, 3, 1, 1000, 0, 0, 9, 9.92, 14.4478, 4.33802, 1.0012, 200, 20, 3, 1, 7, 0, 0, 3, 1, 0, 0, 1, 7
SGD, 1, -5, 1, -5, 128, 128, 128, 128, 0.3, 0.3, 2.9,2.9, inf, inf, 3, 3, 1, 1000, 0, 0, 10, 12.04, 14.207, 4.17832, 1.0012, 200, 20, 3, 1, 7, 0, 0, 3, 1, 0, 0, 1, 7
SGD, 1, -5, 1, -5, 128, 128, 128, 128, 0.3, 0.3, 2.9,2.9, inf, inf, 3, 3, 1, 1000, 0, 0, 11, 10.3, 13.8518, 4.13917, 1.0012, 200, 20, 3, 1, 7, 0, 0, 3, 1, 0, 0, 1, 7
SGD, 1, -5, 1, -5, 128, 128, 128, 128, 0.3, 0.3, 2.9,2.9, inf, inf, 3, 3, 1, 1000, 0, 0, 12, 12.05, 13.7017, 3.99412, 1.0012, 200, 20, 3, 1, 7, 0, 0, 3, 1, 0, 0, 1, 7
SGD, 1, -5, 1, -5, 128, 128, 128, 128, 0.3, 0.3, 2.9,2.9, inf, inf, 3, 3, 1, 1000, 0, 0, 13, 9.8, 13.4015, 3.97578, 1.0012, 200, 20, 3, 1, 7, 0, 0, 3, 1, 0, 0, 1, 7
SGD, 1, -5, 1, -5, 128, 128, 128, 128, 0.3, 0.3, 2.9,2.9, inf, inf, 3, 3, 1, 1000, 0, 0, 14, 11.91, 13.295, 3.85036, 1.0012, 200, 20, 3, 1, 7, 0, 0, 3, 1, 0, 0, 1, 7
SGD, 1, -5, 1, -5, 128, 128, 128, 128, 0.3, 0.3, 2.9,2.9, inf, inf, 3, 3, 1, 1000, 0, 0, 15, 14.24, 13.358, 3.72727, 1.0012, 200, 20, 3, 1, 7, 0, 0, 3, 1, 0, 0, 1, 7
param->optimization_type, NL_LTP_Gp, NL_LTD_Gp, NL_LTP_Gn, NL_LTD_Gn, kp, kd, knp, knd, pLA, nLA, pLAd,nLAd, pof, nof, newUpdateRate, nnewUpdateRate, ReverseUpdate, RefreshRate, FullRefresh, dominance, epoch, accuracy, average accuracy, standard deviation, adaptive ratio, area sizeIH, area sizeHO, learningratesplit, Gth1, Gth2, usesplitadapt, unitcellsplit, saturationprotector, destructionprotector, deltaweightratio, usesplit, adaptivesplit Gth1, adaptivesplit Gth2
SGD, 1, -7, 1, -7, 128, 128, 128, 128, 0.3, 0.3, 3.9,3.9, inf, inf, 3, 3, 1, 1000, 0, 0, 1, 11.56, 11.56, 0, 1.0012, 200, 20, 3, 1, 7, 0, 0, 3, 1, 0, 0, 1, 7
SGD, 1, -7, 1, -7, 128, 128, 128, 128, 0.3, 0.3, 3.9,3.9, inf, inf, 3, 3, 1, 1000, 0, 0, 2, 11.56, 11.56, 0, 1.0012, 200, 20, 3, 1, 7, 0, 0, 3, 1, 0, 0, 1, 7
SGD, 1, -7, 1, -7, 128, 128, 128, 128, 0.3, 0.3, 3.9,3.9, inf, inf, 3, 3, 1, 1000, 0, 0, 3, 11.56, 11.56, 1.77636e-15, 1.0012, 200, 20, 3, 1, 7, 0, 0, 3, 1, 0, 0, 1, 7
SGD, 1, -7, 1, -7, 128, 128, 128, 128, 0.3, 0.3, 3.9,3.9, inf, inf, 3, 3, 1, 1000, 0, 0, 4, 11.56, 11.56, 0, 1.0012, 200, 20, 3, 1, 7, 0, 0, 3, 1, 0, 0, 1, 7
SGD, 1, -7, 1, -7, 128, 128, 128, 128, 0.3, 0.3, 3.9,3.9, inf, inf, 3, 3, 1, 1000, 0, 0, 5, 11.56, 11.56, 0, 1.0012, 200, 20, 3, 1, 7, 0, 0, 3, 1, 0, 0, 1, 7
SGD, 1, -7, 1, -7, 128, 128, 128, 128, 0.3, 0.3, 3.9,3.9, inf, inf, 3, 3, 1, 1000, 0, 0, 6, 11.56, 11.56, 1.77636e-15, 1.0012, 200, 20, 3, 1, 7, 0, 0, 3, 1, 0, 0, 1, 7
SGD, 1, -7, 1, -7, 128, 128, 128, 128, 0.3, 0.3, 3.9,3.9, inf, inf, 3, 3, 1, 1000, 0, 0, 7, 11.56, 11.56, 1.77636e-15, 1.0012, 200, 20, 3, 1, 7, 0, 0, 3, 1, 0, 0, 1, 7
SGD, 1, -7, 1, -7, 128, 128, 128, 128, 0.3, 0.3, 3.9,3.9, inf, inf, 3, 3, 1, 1000, 0, 0, 8, 11.56, 11.56, 1.77636e-15, 1.0012, 200, 20, 3, 1, 7, 0, 0, 3, 1, 0, 0, 1, 7
SGD, 1, -7, 1, -7, 128, 128, 128, 128, 0.3, 0.3, 3.9,3.9, inf, inf, 3, 3, 1, 1000, 0, 0, 9, 11.56, 11.56, 1.77636e-15, 1.0012, 200, 20, 3, 1, 7, 0, 0, 3, 1, 0, 0, 1, 7
SGD, 1, -7, 1, -7, 128, 128, 128, 128, 0.3, 0.3, 3.9,3.9, inf, inf, 3, 3, 1, 1000, 0, 0, 10, 11.56, 11.56, 1.77636e-15, 1.0012, 200, 20, 3, 1, 7, 0, 0, 3, 1, 0, 0, 1, 7
SGD, 1, -7, 1, -7, 128, 128, 128, 128, 0.3, 0.3, 3.9,3.9, inf, inf, 3, 3, 1, 1000, 0, 0, 11, 11.56, 11.56, 1.77636e-15, 1.0012, 200, 20, 3, 1, 7, 0, 0, 3, 1, 0, 0, 1, 7
SGD, 1, -7, 1, -7, 128, 128, 128, 128, 0.3, 0.3, 3.9,3.9, inf, inf, 3, 3, 1, 1000, 0, 0, 12, 11.56, 11.56, 1.77636e-15, 1.0012, 200, 20, 3, 1, 7, 0, 0, 3, 1, 0, 0, 1, 7
SGD, 1, -7, 1, -7, 128, 128, 128, 128, 0.3, 0.3, 3.9,3.9, inf, inf, 3, 3, 1, 1000, 0, 0, 13, 11.4, 11.5477, 0.0426351, 1.0012, 200, 20, 3, 1, 7, 0, 0, 3, 1, 0, 0, 1, 7
SGD, 1, -7, 1, -7, 128, 128, 128, 128, 0.3, 0.3, 3.9,3.9, inf, inf, 3, 3, 1, 1000, 0, 0, 14, 11.4, 11.5371, 0.0559883, 1.0012, 200, 20, 3, 1, 7, 0, 0, 3, 1, 0, 0, 1, 7
SGD, 1, -7, 1, -7, 128, 128, 128, 128, 0.3, 0.3, 3.9,3.9, inf, inf, 3, 3, 1, 1000, 0, 0, 15, 11.4, 11.528, 0.064, 1.0012, 200, 20, 3, 1, 7, 0, 0, 3, 1, 0, 0, 1, 7
param->optimization_type, NL_LTP_Gp, NL_LTD_Gp, NL_LTP_Gn, NL_LTD_Gn, kp, kd, knp, knd, pLA, nLA, pLAd,nLAd, pof, nof, newUpdateRate, nnewUpdateRate, ReverseUpdate, RefreshRate, FullRefresh, dominance, epoch, accuracy, average accuracy, standard deviation, adaptive ratio, area sizeIH, area sizeHO, learningratesplit, Gth1, Gth2, usesplitadapt, unitcellsplit, saturationprotector, destructionprotector, deltaweightratio, usesplit, adaptivesplit Gth1, adaptivesplit Gth2
SGD, 1, -9, 1, -9, 128, 128, 128, 128, 0.3, 0.3, 4.9,4.9, inf, inf, 3, 3, 1, 1000, 0, 0, 1, 10.28, 10.28, 0, 1.0012, 200, 20, 3, 1, 7, 0, 0, 3, 1, 0, 0, 1, 7
SGD, 1, -9, 1, -9, 128, 128, 128, 128, 0.3, 0.3, 4.9,4.9, inf, inf, 3, 3, 1, 1000, 0, 0, 2, 10.28, 10.28, 0, 1.0012, 200, 20, 3, 1, 7, 0, 0, 3, 1, 0, 0, 1, 7
SGD, 1, -9, 1, -9, 128, 128, 128, 128, 0.3, 0.3, 4.9,4.9, inf, inf, 3, 3, 1, 1000, 0, 0, 3, 10.28, 10.28, 0, 1.0012, 200, 20, 3, 1, 7, 0, 0, 3, 1, 0, 0, 1, 7
SGD, 1, -9, 1, -9, 128, 128, 128, 128, 0.3, 0.3, 4.9,4.9, inf, inf, 3, 3, 1, 1000, 0, 0, 4, 10.28, 10.28, 0, 1.0012, 200, 20, 3, 1, 7, 0, 0, 3, 1, 0, 0, 1, 7
SGD, 1, -9, 1, -9, 128, 128, 128, 128, 0.3, 0.3, 4.9,4.9, inf, inf, 3, 3, 1, 1000, 0, 0, 5, 10.28, 10.28, 0, 1.0012, 200, 20, 3, 1, 7, 0, 0, 3, 1, 0, 0, 1, 7
SGD, 1, -9, 1, -9, 128, 128, 128, 128, 0.3, 0.3, 4.9,4.9, inf, inf, 3, 3, 1, 1000, 0, 0, 6, 10.28, 10.28, 0, 1.0012, 200, 20, 3, 1, 7, 0, 0, 3, 1, 0, 0, 1, 7
SGD, 1, -9, 1, -9, 128, 128, 128, 128, 0.3, 0.3, 4.9,4.9, inf, inf, 3, 3, 1, 1000, 0, 0, 7, 10.28, 10.28, 0, 1.0012, 200, 20, 3, 1, 7, 0, 0, 3, 1, 0, 0, 1, 7
SGD, 1, -9, 1, -9, 128, 128, 128, 128, 0.3, 0.3, 4.9,4.9, inf, inf, 3, 3, 1, 1000, 0, 0, 8, 10.28, 10.28, 0, 1.0012, 200, 20, 3, 1, 7, 0, 0, 3, 1, 0, 0, 1, 7
SGD, 1, -9, 1, -9, 128, 128, 128, 128, 0.3, 0.3, 4.9,4.9, inf, inf, 3, 3, 1, 1000, 0, 0, 9, 10.28, 10.28, 0, 1.0012, 200, 20, 3, 1, 7, 0, 0, 3, 1, 0, 0, 1, 7
SGD, 1, -9, 1, -9, 128, 128, 128, 128, 0.3, 0.3, 4.9,4.9, inf, inf, 3, 3, 1, 1000, 0, 0, 10, 10.28, 10.28, 0, 1.0012, 200, 20, 3, 1, 7, 0, 0, 3, 1, 0, 0, 1, 7
SGD, 1, -9, 1, -9, 128, 128, 128, 128, 0.3, 0.3, 4.9,4.9, inf, inf, 3, 3, 1, 1000, 0, 0, 11, 10.28, 10.28, 0, 1.0012, 200, 20, 3, 1, 7, 0, 0, 3, 1, 0, 0, 1, 7
SGD, 1, -9, 1, -9, 128, 128, 128, 128, 0.3, 0.3, 4.9,4.9, inf, inf, 3, 3, 1, 1000, 0, 0, 12, 10.28, 10.28, 0, 1.0012, 200, 20, 3, 1, 7, 0, 0, 3, 1, 0, 0, 1, 7
SGD, 1, -9, 1, -9, 128, 128, 128, 128, 0.3, 0.3, 4.9,4.9, inf, inf, 3, 3, 1, 1000, 0, 0, 13, 10.28, 10.28, 0, 1.0012, 200, 20, 3, 1, 7, 0, 0, 3, 1, 0, 0, 1, 7
SGD, 1, -9, 1, -9, 128, 128, 128, 128, 0.3, 0.3, 4.9,4.9, inf, inf, 3, 3, 1, 1000, 0, 0, 14, 10.28, 10.28, 0, 1.0012, 200, 20, 3, 1, 7, 0, 0, 3, 1, 0, 0, 1, 7
SGD, 1, -9, 1, -9, 128, 128, 128, 128, 0.3, 0.3, 4.9,4.9, inf, inf, 3, 3, 1, 1000, 0, 0, 15, 10.28, 10.28, 0, 1.0012, 200, 20, 3, 1, 7, 0, 0, 3, 1, 0, 0, 1, 7
